{"cameraMode":{"drawMode":0,"name":"Shaded","section":"Shading Mode"},"sceneLighting":false,"audioPlay":false,"sceneViewState":{"showFog":true,"showMaterialUpdate":true,"showSkybox":true,"showFlares":true,"showImageEffects":true,"showParticleSystems":true},"in2DMode":false,"pivot":{"x":4.253189563751221,"y":-4.556232452392578,"z":0.05806922912597656},"rotation":{"x":0.4054701030254364,"y":-0.2055220603942871,"z":0.09408286213874817,"w":0.8857218027114868},"size":29.36300277709961,"orthographic":false}