{"cameraMode":{"drawMode":0,"name":"Shaded","section":"Shading Mode"},"sceneLighting":false,"audioPlay":false,"sceneViewState":{"showFog":true,"showMaterialUpdate":true,"showSkybox":true,"showFlares":true,"showImageEffects":true,"showParticleSystems":true},"in2DMode":false,"pivot":{"x":-0.13928192853927613,"y":0.4650000333786011,"z":0.0},"rotation":{"x":0.28496477007865908,"y":-0.22170156240463258,"z":0.0679275169968605,"w":0.9300695657730103},"size":4.585076332092285,"orthographic":false}