{"cameraMode":{"drawMode":0,"name":"Shaded","section":"Shading Mode"},"sceneLighting":false,"audioPlay":false,"sceneViewState":{"showFog":true,"showMaterialUpdate":true,"showSkybox":true,"showFlares":true,"showImageEffects":true,"showParticleSystems":true},"in2DMode":false,"pivot":{"x":0.0,"y":2.9802322387695315e-8,"z":2.682209014892578e-7},"rotation":{"x":0.28496477007865908,"y":-0.22170156240463258,"z":0.0679275169968605,"w":0.9300695657730103},"size":4.112056255340576,"orthographic":false}