{"cameraMode":{"drawMode":0,"name":"Shaded","section":"Shading Mode"},"sceneLighting":true,"audioPlay":false,"sceneViewState":{"showFog":true,"showMaterialUpdate":true,"showSkybox":true,"showFlares":true,"showImageEffects":true,"showParticleSystems":true},"in2DMode":false,"pivot":{"x":-17.796974182128908,"y":12.76798152923584,"z":1.7234725952148438},"rotation":{"x":0.3459905683994293,"y":0.29769644141197207,"z":-0.11677192896604538,"w":0.8820610642433167},"size":9.92850399017334,"orthographic":false}