{"cameraMode":{"drawMode":0,"name":"Shaded","section":"Shading Mode"},"sceneLighting":false,"audioPlay":false,"sceneViewState":{"showFog":true,"showMaterialUpdate":true,"showSkybox":true,"showFlares":true,"showImageEffects":true,"showParticleSystems":true},"in2DMode":false,"pivot":{"x":-21.46437644958496,"y":-1.3403892517089844,"z":-0.14072799682617188},"rotation":{"x":0.3784272074699402,"y":-0.31217145919799807,"z":0.13727575540542603,"w":0.8605215549468994},"size":11.82386302947998,"orthographic":false}