{"cameraMode":{"drawMode":0,"name":"Shaded","section":"Shading Mode"},"sceneLighting":false,"audioPlay":false,"sceneViewState":{"showFog":true,"showMaterialUpdate":true,"showSkybox":true,"showFlares":true,"showImageEffects":true,"showParticleSystems":true},"in2DMode":false,"pivot":{"x":9.588508605957032,"y":-10.106640815734864,"z":5.897408962249756},"rotation":{"x":0.2222626656293869,"y":-0.5403333306312561,"z":0.1505921334028244,"w":0.797471821308136},"size":22.4107666015625,"orthographic":false}