{"cameraMode":{"drawMode":0,"name":"Shaded","section":"Shading Mode"},"sceneLighting":false,"audioPlay":false,"sceneViewState":{"showFog":true,"showMaterialUpdate":true,"showSkybox":true,"showFlares":true,"showImageEffects":true,"showParticleSystems":true},"in2DMode":false,"pivot":{"x":3.5677642822265627,"y":-5.677165985107422,"z":7.011447429656982},"rotation":{"x":0.12715190649032594,"y":-0.5699282884597778,"z":0.08981416374444962,"w":0.8068132996559143},"size":23.20248794555664,"orthographic":false}