{"cameraMode":{"drawMode":0,"name":"Shaded","section":"Shading Mode"},"sceneLighting":false,"audioPlay":false,"sceneViewState":{"showFog":true,"showMaterialUpdate":true,"showSkybox":true,"showFlares":true,"showImageEffects":true,"showParticleSystems":true},"in2DMode":false,"pivot":{"x":1.1920928955078126e-7,"y":0.4000000059604645,"z":2.682209014892578e-7},"rotation":{"x":0.2856453061103821,"y":-0.19098174571990968,"z":0.05820170417428017,"w":0.9373074769973755},"size":3.929272413253784,"orthographic":false}