{"cameraMode":{"drawMode":0,"name":"Shaded","section":"Shading Mode"},"sceneLighting":false,"audioPlay":false,"sceneViewState":{"showFog":true,"showMaterialUpdate":true,"showSkybox":true,"showFlares":true,"showImageEffects":true,"showParticleSystems":true},"in2DMode":false,"pivot":{"x":-25.841798782348634,"y":-1.8502678871154786,"z":-0.3237628936767578},"rotation":{"x":0.20774181187152863,"y":-0.289843887090683,"z":0.06460219621658325,"w":0.9320195913314819},"size":11.966843605041504,"orthographic":false}