{"cameraMode":{"drawMode":0,"name":"Shaded","section":"Shading Mode"},"sceneLighting":false,"audioPlay":false,"sceneViewState":{"showFog":true,"showMaterialUpdate":true,"showSkybox":true,"showFlares":true,"showImageEffects":true,"showParticleSystems":true},"in2DMode":false,"pivot":{"x":0.09472572803497315,"y":1.777385950088501,"z":-0.3315615653991699},"rotation":{"x":0.23066316545009614,"y":-0.23935845494270326,"z":0.05864853039383888,"w":0.9413089156150818},"size":3.090817928314209,"orthographic":false}