{"cameraMode":{"drawMode":0,"name":"Shaded","section":"Shading Mode"},"sceneLighting":false,"audioPlay":false,"sceneViewState":{"showFog":true,"showMaterialUpdate":true,"showSkybox":true,"showFlares":true,"showImageEffects":true,"showParticleSystems":true},"in2DMode":false,"pivot":{"x":1.5799999237060547,"y":0.28700006008148196,"z":-0.5600000023841858},"rotation":{"x":0.3001221716403961,"y":-0.2953170835971832,"z":0.09829370677471161,"w":0.9016944766044617},"size":2.8187484741210939,"orthographic":false}